--USUARIO
INSERT INTO USER(ID, EMAIL, PASSWORD, PERFIL, ACCOUNT_NON_EXPIRED, ACCOUNT_NON_LOCKED, CREDENTIALS_NON_EXPIRED, ENABLE) VALUES (1, 'carlos@email.com', '$2a$10$SuPQW6EZiGEbCuajZvvpSOT11xcKj1IsXy9vMZB6hVsSme9aSF1ym', 'USUARIO', TRUE, TRUE, TRUE, TRUE);
INSERT INTO USER(ID, EMAIL, PASSWORD, PERFIL, ACCOUNT_NON_EXPIRED, ACCOUNT_NON_LOCKED, CREDENTIALS_NON_EXPIRED, ENABLE) VALUES (2, 'ruan@email.com', '$2a$10$SuPQW6EZiGEbCuajZvvpSOT11xcKj1IsXy9vMZB6hVsSme9aSF1ym', 'USUARIO', TRUE, TRUE, TRUE, TRUE);

INSERT INTO USUARIO(NOME, DATA_NASCIMENTO, CELULAR, TELEFONE, STATUS, CEP, LOGRADOURO, COMPLEMENTO, BAIRRO, LOCALIDADE, UF, IBGE, ID_USER) VALUES ('Carlos Alexandre', '2001-02-15', '18999999', '648888888', 'DISPONIVEL', '19804-310', 'Rua dos Expedicionários', '', 'Vila Carvalho', 'Assis', 'SP', '31432',1);
INSERT INTO USUARIO(NOME, DATA_NASCIMENTO, CELULAR, TELEFONE, STATUS, CEP, LOGRADOURO, COMPLEMENTO, BAIRRO, LOCALIDADE, UF, IBGE, ID_USER) VALUES ('Ruan', '2001-12-13', '18999999', '648888888', 'DISPONIVEL', '19804-310', 'Rua dos Expedicionários', '', 'Vila Carvalho', 'Assis', 'SP', '31432', 2);

INSERT INTO FORMACAO(ID, DESCRICAO, INICIO, TERMINO, USUARIO_ID_USER) VALUES (1, 'FEMA', '2019-01-01', '2021-12-01', 1);
INSERT INTO FORMACAO(ID, DESCRICAO, INICIO, TERMINO, USUARIO_ID_USER) VALUES (2, 'SPRING BOOT', '2020-01-01', '2020-05-01', 1);

INSERT INTO EXPERIENCIA(ID, DESCRICAO, INICIO, TERMINO, USUARIO_ID_USER) VALUES (1, 'CEU', '2019-05-01', '2021-05-01', 1);
INSERT INTO EXPERIENCIA(ID, DESCRICAO, INICIO, TERMINO, USUARIO_ID_USER) VALUES (2, 'ALGUM LUGAR', '2021-05-01', '2025-05-01', 2);

--EMPRESA
INSERT INTO USER(ID, EMAIL, PASSWORD, PERFIL, ACCOUNT_NON_EXPIRED, ACCOUNT_NON_LOCKED, CREDENTIALS_NON_EXPIRED, ENABLE) VALUES (3, 'tottv@ouatlook.com' , '$2a$10$SuPQW6EZiGEbCuajZvvpSOT11xcKj1IsXy9vMZB6hVsSme9aSF1ym', 'EMPRESA', TRUE, TRUE, TRUE, TRUE);
INSERT INTO USER(ID, EMAIL, PASSWORD, PERFIL, ACCOUNT_NON_EXPIRED, ACCOUNT_NON_LOCKED, CREDENTIALS_NON_EXPIRED, ENABLE) VALUES (4, 'empresa@ouatlook.com' , '$2a$10$SuPQW6EZiGEbCuajZvvpSOT11xcKj1IsXy9vMZB6hVsSme9aSF1ym', 'EMPRESA', TRUE, TRUE, TRUE, TRUE);


INSERT INTO EMPRESA(NOME_FANTASIA, DESCRICAO, CELULAR, TELEFONE, CNPJ, DATA_FUNDACAO, ID_USER) VALUES ( 'TotTV', 'Viemos melhorar as tecnologias', '19008822', '9035782', '456789', '1999-04-22', 3);
INSERT INTO EMPRESA(NOME_FANTASIA, DESCRICAO, CELULAR, TELEFONE, CNPJ, DATA_FUNDACAO, ID_USER) VALUES ( 'empresa', 'Só uma empresa', '19008822', '9035782', '12456789', '1999-04-22', 4);

INSERT INTO ANUNCIO_VAGA(ID, EMPRESA_ID_USER, CARGA_HORARIA, REQUISITOS, SALARIO, STATUS_ANUNCIO, DATA_POSTAGEM, CEP, LOGRADOURO, COMPLEMENTO, BAIRRO, LOCALIDADE, UF, IBGE) VALUES (1, 3, '08:50:00', 'Saber Java', '2000.5', true, '2021-05-05', '19804-310', 'Rua dos Expedicionários', '', 'Vila Carvalho', 'Assis', 'SP', '31432');
INSERT INTO ANUNCIO_VAGA(ID, EMPRESA_ID_USER, CARGA_HORARIA, REQUISITOS, SALARIO, STATUS_ANUNCIO, DATA_POSTAGEM, CEP, LOGRADOURO, COMPLEMENTO, BAIRRO, LOCALIDADE, UF, IBGE) VALUES (2, 3, '08:50:00', 'Saber C#, SPRING BOOT e BOOTSTRAP', '4550.5', false, '2020-05-05', '19804-310', 'Rua dos Expedicionários', 'Perto daqui', 'Vila Carvalho', 'Assis', 'SP', '31432');

INSERT INTO SETOR_CARGO(ID, ANUNCIO_VAGA_ID, CARGO, SETOR) VALUES (1, 1, 'Desenvolvedor', 'Agricola');
INSERT INTO SETOR_CARGO(ID, ANUNCIO_VAGA_ID, CARGO, SETOR) VALUES (2, 2, 'Desenvolvedor', 'Medicina');

--SOLICITACAO
INSERT INTO SOLICITACAO(ID, ANUNCIO_VAGA_ID, USUARIO_ID_USER, SOLICITACAO_EMPRESA_STATUS, SOLICITACAO_USUARIO_STATUS, HORA_ENTREVISTA, DATA_ENTREVISTA, CEP, LOGRADOURO, COMPLEMENTO, BAIRRO, LOCALIDADE, UF, IBGE, DATA_CRIACAO_SOLICITACAO) VALUES (1, 1, 1, 0, 0, '06:50:10', '2020-10-31', '19804-310', 'Rua dos Expedicionários', 'Perto daqui', 'Vila Carvalho', 'Assis', 'SP', '31432', '2021-07-01');
INSERT INTO SOLICITACAO(ID, ANUNCIO_VAGA_ID, USUARIO_ID_USER, SOLICITACAO_EMPRESA_STATUS, SOLICITACAO_USUARIO_STATUS, HORA_ENTREVISTA, DATA_ENTREVISTA, CEP, LOGRADOURO, COMPLEMENTO, BAIRRO, LOCALIDADE, UF, IBGE, DATA_CRIACAO_SOLICITACAO) VALUES (2, 1, 2, 1, 1, '06:50:10', '2020-10-31', '19804-310', 'Rua dos Expedicionários', 'Perto daqui', 'Vila Carvalho', 'Assis', 'SP', '31432', '2021-07-02');
INSERT INTO SOLICITACAO(ID, ANUNCIO_VAGA_ID, USUARIO_ID_USER, SOLICITACAO_EMPRESA_STATUS, SOLICITACAO_USUARIO_STATUS, HORA_ENTREVISTA, DATA_ENTREVISTA, CEP, LOGRADOURO, COMPLEMENTO, BAIRRO, LOCALIDADE, UF, IBGE, DATA_CRIACAO_SOLICITACAO) VALUES (3, 2, 1, 2, 0, '06:50:10', '2020-10-31', '19804-310', 'Rua dos Expedicionários', 'Perto daqui', 'Vila Carvalho', 'Assis', 'SP', '31432', '2021-07-03');
INSERT INTO SOLICITACAO(ID, ANUNCIO_VAGA_ID, USUARIO_ID_USER, SOLICITACAO_EMPRESA_STATUS, SOLICITACAO_USUARIO_STATUS, HORA_ENTREVISTA, DATA_ENTREVISTA, CEP, LOGRADOURO, COMPLEMENTO, BAIRRO, LOCALIDADE, UF, IBGE, DATA_CRIACAO_SOLICITACAO) VALUES (4, 2, 1, 1, 2, '06:50:10', '2020-10-31', '19804-310', 'Rua dos Expedicionários', 'Perto daqui', 'Vila Carvalho', 'Assis', 'SP', '31432', '2021-07-04');


